movie_id,user_name,like
11,CatEllington,1
11,JohnChard,1
11,gastyny,1
11,r96sk,1
11,GenerationofSwine,1
11,CinemaSerf,1
12,Dave09,1
12,r96sk,1
12,John,1
12,CinemaSerf,1
13,llgolden,1
13,bluedevil667,1
13,CinemaSerf,1
14,tmdb70752507,1
14,stempst0r,1
14,AndreGonzales,1
15,Gurre,1
15,talisencrw,1
15,ManuelSoBento,1
15,r96sk,1
15,Wuchak,1
15,CinemaSerf,1
15,testr,1
15,JJJ222cool,0
15,badelf,1
15,James,1
16,FrontrunnerParis,1
19,Gurre,1
19,CinemaSerf,1
22,JohnChard,1
22,AndreGonzales,1
22,CinemaSerf,1
24,tmdb13206453,1
24,JohnChard,1
24,Wuchak,1
24,rsanek,0
24,CinemaSerf,1
28,IanBeale,0
28,RocketeerRaccoon,0
28,Wuchak,1
28,JohnChard,1
28,CinemaSerf,1
33,redTed,1
33,JohnChard,1
33,JohnChard,1
33,PeterMcGinn,1
33,Wuchak,1
33,r96sk,1
38,AndresGomez,1
38,Wuchak,1
38,LovingStory,1
38,tensharpe,1
38,AndreGonzales,1
62,markuspm,0
62,izgzhen,1
62,tmdb47633491,1
62,PerGunnarJonsson,1
62,Wuchak,1
62,SigekiOgino,1
62,FilipeManuelNeto,0
62,CinemaSerf,0
62,JJJ222cool,1
62,James,1
62,r96sk,1
62,griggs79,1
70,Wuchak,1
70,r96sk,1
70,TheMovieMob,0
73,tmdb15435519,1
73,AndreGonzales,0
76,edward,1
76,FilipeManuelNeto,1
77,JohnChard,1
77,talisencrw,1
77,mattwilde123,1
77,AstroNoud,1
77,r96sk,1
77,CinemaSerf,1
77,ekaari,1
78,tmdb39513728,1
78,JohnChard,1
78,jocosta3,1
78,Gimly,1
78,tmdb40011370,1
78,CinemaSerf,1
78,FilipeManuelNeto,1
78,tensharpe,1
78,ohitsjudd,1
78,portman123,1
81,Crazypiglady,0
85,tmdb39513728,0
85,Gimly,1
85,Kamurai,1
85,JohnCritic,1
85,CinemaSerf,1
89,JohnChard,1
89,Gimly,1
89,Kamurai,1
89,kevin2019,1
89,CinemaSerf,1
98,Eky,1
98,JohnChard,1
98,Kowalczyk,1
98,CinemaSerf,1
98,Prodank,1
100,BradFlix,1
100,AndresGomez,0
100,DavidPerkins,1
100,r96sk,1
101,rozmiarek,1
101,Niemand,1
103,IanBeale,1
103,David,1
103,CinemaSerf,1
103,Wuchak,1
105,IanBeale,1
105,JohnChard,1
105,ThePeruvianPost,1
105,JPV852,1
105,AndreGonzales,1
105,Rob,1
105,hamfaceman,1
107,JohnChard,1
110,FilipeManuelNeto,1
110,CinemaSerf,1
111,JPV852,1
111,CinemaSerf,1
111,FilipeManuelNeto,0
115,FilmViewer999,1
115,r96sk,1
120,NeoBrowser,1
120,gdeveloper,1
120,Wuchak,1
120,LadyGreenEyes,1
120,JPV852,1
120,PeterMcGinn,1
120,r96sk,1
120,drystyx,1
120,CinemaSerf,1
121,NeoBrowser,1
121,Wuchak,1
121,JPV852,1
121,r96sk,1
121,drystyx,1
121,CinemaSerf,1
122,NeoBrowser,1
122,Wuchak,0
122,JPV852,1
122,r96sk,1
122,pokycoder,0
122,drystyx,1
122,CinemaSerf,1
128,AndresGomez,1
128,tmdb79319797,1
128,Niemand,0
128,CinemaSerf,1
128,hamfaceman,1
129,ZeBlah,1
147,CinemaSerf,1
149,TedFraraccio,1
149,badelf,1
149,FilipeManuelNeto,0
155,tricksy,1
155,talisencrw,1
155,erickprieto,1
155,moubledian,1
155,tmdb22590444,1
155,tmdb79614358,1
155,EDSR,0
155,AstroNoud,1
155,CinemaSerf,1
155,TheMovieMob,1
155,drystyx,0
155,AndreGonzales,1
155,James,1
185,talisencrw,1
185,JPV852,1
185,SigekiOgino,1
185,CinemaSerf,1
185,Niemand,0
194,Siam,1
197,Anton2k,1
197,JohnChard,1
197,GenerationofSwine,1
197,CinemaSerf,1
204,James,1
204,CinemaSerf,1
207,JohnChard,1
207,Wuchak,1
207,CinemaSerf,1
207,crazyrobinhood,0
207,kevin2019,1
213,DanDare,1
213,tmdb47633491,1
213,JohnChard,1
213,Wuchak,1
213,James,1
213,James,1
213,CinemaSerf,1
223,AndresGomez,1
223,CharlesTheBold,0
223,waltzma,1
223,JohnChard,1
223,CinemaSerf,1
223,FilipeManuelNeto,1
223,CinemaSerf,1
234,CinemaSerf,1
234,Horseface,0
235,Joe,1
235,BornKnight,1
235,FilipeManuelNeto,1
238,futuretv,1
238,crastana,1
238,drystyx,0
238,CinemaSerf,1
238,Surya,1
239,r96sk,1
239,FilipeManuelNeto,0
239,drystyx,0
240,jkbbr549,1
240,MatthewDixon,1
240,CinemaSerf,1
240,drystyx,0
274,TedFraraccio,1
274,Gimly,1
274,MelissaGoldfine,1
274,RepoJack,1
274,JosephStrickland,1
274,CinemaSerf,1
275,Kamurai,1
275,r96sk,1
275,FilipeManuelNeto,1
275,CinemaSerf,1
278,elshaarawy,1
278,JohnChard,1
278,tmdb73913433,1
278,thommonz,1
278,AndrewGentry,1
278,MatthewDixon,0
278,JPV852,1
278,LõõÍë,1
278,drystyx,0
278,Sanjeev0805,1
278,CinemaSerf,1
278,dumasori,1
278,AngelRodrguez,1
278,khanz1,1
278,Leezan,1
279,Wuchak,1
279,CinemaSerf,1
280,zag,1
280,Gimly,1
280,Kamurai,1
280,GenerationofSwine,1
280,BryceSpencer,1
280,CinemaSerf,1
284,AndresGomez,1
284,tmdb47633491,1
284,FilipeManuelNeto,1
289,barrymost,1
289,JohnChard,1
289,CinemaSerf,1
289,FilipeManuelNeto,1
301,JohnChard,1
301,CinemaSerf,1
307,CinemaSerf,1
311,AndresGomez,1
311,FilipeManuelNeto,1
311,CinemaSerf,1
329,Rob,1
329,Gimly,1
329,moovies,1
329,nsinger99,1
329,ManuelSoBento,1
329,PeterMcGinn,1
329,TheMovieMob,1
329,AndreGonzales,1
329,CinemaSerf,1
335,AndresGomez,1
335,PeterMcGinn,1
335,badelf,1
335,drystyx,0
335,FilipeManuelNeto,1
335,JPV852,1
346,AndresGomez,1
346,KennethBlais,1
346,FilipeManuelNeto,1
346,drystyx,1
348,PatrickEAbe,1
348,JohnChard,1
348,RepoJack,1
348,r96sk,1
348,GenerationofSwine,1
348,FilipeManuelNeto,1
348,CinemaSerf,1
348,James,1
348,ChristianButoi,1
348,HappyPagan,1
387,Wuchak,1
387,janeyee,1
387,CinemaSerf,1
389,AndresGomez,1
389,JohnChard,1
389,barrymost,1
389,AstroNoud,1
389,Krakatoa69,1
389,CinemaSerf,1
389,FilipeManuelNeto,1
389,James,1
391,AshJohann,1
391,VentiPro,1
391,r96sk,1
391,drystyx,0
391,CinemaSerf,1
393,Wuchak,1
393,CinemaSerf,1
405,CinemaSerf,1
406,CRCulver,1
406,CinemaSerf,1
406,r96sk,1
422,jhaseltine,1
422,FilipeManuelNeto,0
422,CinemaSerf,1
424,Mayurpanchamia,1
424,CinemaSerf,1
426,Eky,1
426,tmdb47633491,0
426,barrymost,1
426,JPV852,1
426,James,1
429,JohnChard,1
429,CRCulver,1
429,PeterMcGinn,1
429,DrewBlack,1
429,JPV852,1
429,r96sk,1
429,drystyx,0
429,FilipeManuelNeto,1
429,CinemaSerf,1
439,tmdb47633491,0
439,JPV852,0
453,CinemaSerf,1
489,tmdb40011370,1
489,r96sk,1
489,CinemaSerf,1
489,FilipeManuelNeto,1
489,BornKnight,1
490,AndresGomez,1
490,FilipeManuelNeto,1
497,Wuchak,1
497,CinemaSerf,1
500,talisencrw,1
500,Wuchak,0
500,CinemaSerf,1
500,rsanek,0
510,CharlesDance,1
510,Wuchak,1
510,wizzardss,1
521,talisencrw,1
521,JohnChard,1
521,barrymost,1
521,Jack,1
521,katch22,1
521,CinemaSerf,1
524,Kris12,1
524,CinemaSerf,1
539,Gimly,1
539,Wuchak,1
539,tmdb56937092,1
539,JPV852,1
539,CinemaSerf,1
548,TheMovieDiorama,1
548,CinemaSerf,1
548,FilipeManuelNeto,1
550,Goddard,1
550,BrettPascoe,1
550,ManuelSoBento,1
550,r96sk,1
550,rsanek,1
550,Wuchak,1
550,katch22,1
550,alksjalksj,1
550,chosengreatone,1
550,CinemaSerf,1
567,CharlesTheBold,0
567,JohnChard,1
567,JPV852,1
567,CinemaSerf,1
567,James,1
581,SteveButterworth,1
581,Gimly,1
581,CinemaSerf,1
582,portman123,1
582,CinemaSerf,1
585,r96sk,1
585,CinemaSerf,1
593,CinemaSerf,1
595,AndresGomez,1
595,barrymost,1
595,FilipeManuelNeto,1
595,CinemaSerf,1
596,AndresGomez,1
597,JohnChard,1
597,CinemaSerf,1
597,Antoine53,1
597,Nathan,1
597,Prodank,1
598,Crazypiglady,1
598,CinemaSerf,1
599,AndresGomez,1
599,FilipeManuelNeto,1
599,CinemaSerf,1
599,r96sk,1
600,IanBeale,1
600,CRCulver,1
600,JohnChard,1
603,GeekMasher,1
603,NeoBrowser,1
603,StbMDB,1
603,tmdb44006625,1
603,Wuchak,1
603,GenerationofSwine,1
603,TheMovieMob,1
603,TheMovieMob,1
603,CinemaSerf,1
613,Wuchak,1
614,AndresGomez,1
614,CinemaSerf,1
627,CinemaSerf,1
627,r96sk,1
629,AndresGomez,1
629,JohnChard,1
629,TheMovieMob,1
629,FilipeManuelNeto,1
629,Nathan,1
629,drystyx,1
629,CinemaSerf,1
631,AndresGomez,1
631,CinemaSerf,1
637,tubbs,1
640,TopKek,1
640,TheMovieMob,1
640,r96sk,1
640,CinemaSerf,1
640,Wuchak,1
641,JohnChard,1
641,JPV852,1
641,corrcorr,1
641,BornKnight,1
654,JohnChard,1
654,James,1
654,CinemaSerf,1
654,Wuchak,1
655,CinemaSerf,1
655,FilipeManuelNeto,1
662,Cyberknight,1
662,CharlesTatum,1
665,JohnChard,1
665,sykobanana,1
665,CinemaSerf,1
670,Eky,1
670,manwhonose,1
670,Niemand,0
671,JohnChard,1
671,VentiPro,0
671,Nathan,1
671,CinemaSerf,1
673,Binayak,1
673,Nathan,1
673,CinemaSerf,1
674,JohnChard,1
674,Nathan,1
674,CinemaSerf,1
679,Rob,1
679,PatrickEAbe,1
679,CharlesDance,0
679,JohnChard,1
679,AmazoniaNOTAmazon,0
679,RepoJack,1
679,r96sk,1
679,TheMovieMob,1
679,Wuchak,1
679,BryceSpencer,1
679,BryceSpencer,1
679,GenerationofSwine,1
679,FilipeManuelNeto,1
679,emre,1
680,Wuchak,1
680,ErickCabral,1
680,CinemaSerf,1
680,crastana,0
680,alksjalksj,1
680,FilipeManuelNeto,1
694,AndresGomez,1
694,JohnChard,1
694,JPV852,1
694,ManuelSoBento,1
694,RepoJack,1
694,RepoJack,1
694,CinemaSerf,1
705,AndresGomez,1
705,JPV852,1
705,FilipeManuelNeto,1
705,CinemaSerf,1
745,JohnChard,1
745,Wuchak,1
745,AstroNoud,1
745,CinemaSerf,1
745,r96sk,1
752,schoosskyler,1
752,JPV852,1
762,FilipeManuelNeto,1
762,drystyx,1
762,CinemaSerf,1
769,JohnChard,1
769,Ahmetaslan27,1
769,CinemaSerf,1
769,BilalAhmedMirza,1
769,Ahmed,1
770,patrickios,1
775,Gimly,0
775,dogstir,1
775,CinemaSerf,1
775,Axel,1
777,CinemaSerf,1
780,CinemaSerf,1
797,CinemaSerf,1
804,JPV852,1
804,CinemaSerf,1
804,FilipeManuelNeto,1
805,CinemaSerf,1
807,JohnChard,1
807,RepoJack,1
807,ManuelSoBento,1
807,testr,0
807,CinemaSerf,1
821,CinemaSerf,1
826,JohnChard,1
827,talisencrw,1
827,JohnChard,1
829,JohnChard,1
829,FilipeManuelNeto,1
829,CinemaSerf,1
832,Wiccaburr,1
832,badelf,1
832,James,1
832,James,1
832,FilipeManuelNeto,1
843,CinemaSerf,1
857,Wuchak,1
857,EJCummings,1
857,lildrosso,1
857,BertenErnie,0
857,CinemaSerf,1
862,Gimly,1
862,JPV852,1
862,r96sk,1
862,CinemaSerf,1
872,AndresGomez,1
872,JohnChard,1
872,r96sk,0
872,CinemaSerf,1
895,CinemaSerf,1
901,CinemaSerf,1
914,wizzardss,1
934,badelf,1
935,CRCulver,1
935,barrymost,1
935,FilipeManuelNeto,1
935,CinemaSerf,1
938,JohnChard,1
938,r96sk,1
938,drystyx,0
938,CinemaSerf,1
947,PeterMcGinn,1
947,r96sk,1
947,CinemaSerf,1
949,JohnChard,1
949,Gimly,1
949,TheMovieMob,1
949,tensharpe,1
949,FilipeManuelNeto,1
961,AndresGomez,1
961,CinemaSerf,1
961,James,1
962,CinemaSerf,1
968,talisencrw,1
968,FilipeManuelNeto,1
975,JohnChard,1
975,CinemaSerf,1
975,FilipeManuelNeto,1
992,CinemaSerf,1
996,talisencrw,1
996,JohnChard,1
996,dogstir,1
996,JPV852,1
996,CinemaSerf,1
996,FilipeManuelNeto,1
1018,FilipeManuelNeto,1
1018,CinemaSerf,0
1059,CinemaSerf,1
1091,JohnChard,1
1091,fenicka,1
1091,Wuchak,1
1091,DrewBlack,1
1091,TheMovieMob,1
1091,CinemaSerf,1
1091,CinemaSerf,1
1091,Nathan,1
1091,whitsbrain,1
1092,CharlesTheBold,0
1092,JohnChard,1
1092,JohnChard,1
1092,CinemaSerf,1
1092,FilipeManuelNeto,1
1124,izgzhen,1
1124,AstroNoud,1
1124,James,1
1124,r96sk,1
1124,CinemaSerf,1
1396,tmdb47633491,1
1398,Infra,0
1398,CinemaSerf,1
1398,FilipeManuelNeto,0
1422,talisencrw,1
1422,JohnChard,1
1422,CinemaSerf,1
1578,Eky,1
1578,AndresGomez,1
1578,CinemaSerf,1
1578,FilipeManuelNeto,1
1580,tmdb47633491,1
1580,barrymost,1
1580,CinemaSerf,1
1580,James,1
1580,James,1
1585,barrymost,1
1585,PeterMcGinn,1
1585,r96sk,1
1585,CinemaSerf,1
1585,GenerationofSwine,1
1585,aochin,1
1675,CinemaSerf,1
1891,IanBeale,0
1891,mindfroth,1
1891,JohnChard,1
1891,Wuchak,1
1891,r96sk,1
1891,GenerationofSwine,1
1891,CinemaSerf,1
1892,JohnChard,1
1892,Wuchak,1
1892,r96sk,1
1892,CinemaSerf,1
1955,Wuchak,1
1955,CinemaSerf,1
2011,CinemaSerf,1
2440,tmdb15435519,1
2457,CinemaSerf,1
3034,JohnChard,1
3034,PeterMcGinn,1
3034,CinemaSerf,1
3034,FilipeManuelNeto,1
3078,AndresGomez,1
3078,JTomKinser,1
3078,CinemaSerf,1
3082,AndresGomez,1
3082,CinemaSerf,1
3083,AndresGomez,1
3083,CinemaSerf,1
3083,FilipeManuelNeto,1
3090,AndresGomez,1
3090,talisencrw,1
3090,tmdb28039023,1
3090,FilipeManuelNeto,1
3112,danielwhite,1
3112,JohnChard,1
3112,CinemaSerf,1
3175,JohnChard,1
3777,CRCulver,1
3777,CinemaSerf,1
3782,CinemaSerf,1
3782,PeterMcGinn,1
3782,badelf,1
4348,AndresGomez,1
4348,PeterMcGinn,1
4348,FilipeManuelNeto,1
4348,JPV852,1
4348,CinemaSerf,1
4935,AndresGomez,1
4935,CinemaSerf,1
4977,TheMovieDiorama,1
5156,barrymost,1
5156,CinemaSerf,1
5156,James,1
5801,CinemaSerf,1
5924,JohnChard,1
5924,JohnChard,1
5924,adorablepanic,1
5924,Wuchak,1
5924,CinemaSerf,1
5924,FilipeManuelNeto,1
5925,JohnChard,1
5925,GenerationofSwine,1
5925,CinemaSerf,1
6977,NETFLOWERS,1
6977,Taha,1
6977,JohnChard,1
6977,PeterMcGinn,1
6977,r96sk,1
6977,TheMovieMob,1
6977,CinemaSerf,1
6977,drystyx,0
7345,j4ni,1
7345,Wuchak,1
7345,CinemaSerf,1
7345,James,1
7345,James,1
7347,AndresGomez,1
7347,FilipeManuelNeto,1
7984,ShreyanceParakh,1
7984,FilipeManuelNeto,1
7984,Ahmetaslan27,1
8290,CinemaSerf,1
8392,sykobanana,1
8392,20thCentury,1
8392,r96sk,1
8392,ARGMAN,1
8392,CinemaSerf,1
8587,ManuelSoBento,1
8587,CinemaSerf,1
9277,JohnChard,1
9277,CinemaSerf,1
9277,FilipeManuelNeto,1
9323,badelf,1
9323,CinemaSerf,1
9479,AndresGomez,1
9479,CinemaSerf,1
9702,ChandlerDanier,1
10098,AndresGomez,1
10098,barrymost,1
10098,CinemaSerf,1
10191,ohlalipop,1
10191,trineo03,1
10191,tmdb44006625,1
10191,primeos,1
10193,zenorking,1
10193,ohlalipop,1
10193,Gimly,1
10193,JPV852,1
10193,r96sk,1
10193,CinemaSerf,1
10238,talisencrw,1
10238,CRCulver,1
10238,CinemaSerf,1
10242,CatEllington,1
10242,CinemaSerf,1
10315,r96sk,1
10315,badelf,1
10315,CinemaSerf,1
10315,James,1
10386,JohnChard,1
10386,CinemaSerf,1
10404,FilipeManuelNeto,0
10494,Marrüáüá,1
10494,TheMovieDiorama,1
10494,GenerationofSwine,1
10494,CinemaSerf,1
10494,griggs79,1
10674,r96sk,1
10674,ManuelSoBento,1
10674,CinemaSerf,1
10681,Uknown,1
10681,Kamurai,1
10681,r96sk,1
10681,TheMovieMob,1
10681,CinemaSerf,1
10681,tmdb51616167,1
10774,tmdb39513728,1
10774,TheMovieDiorama,1
10774,Ahmetaslan27,1
10774,CinemaSerf,1
10774,BrentMarchant,1
10775,JPV852,1
10997,FilipeManuelNeto,1
11010,FilipeManuelNeto,1
11010,CinemaSerf,1
11036,CinemaSerf,1
11036,r96sk,1
11104,eliasmata,1
11104,CinemaSerf,1
11104,BornKnight,1
11104,Aardbol,0
11216,AndresGomez,1
11216,ShreyanceParakh,1
11216,tmdb86370050,1
11216,FilipeManuelNeto,1
11293,JohnChard,1
11293,Wuchak,1
11324,musafirsafwan,1
11324,ohlalipop,0
11324,JPV852,1
11324,JohnChard,1
11324,FlixxFlyy,1
11324,katch22,1
11324,AstroNoud,1
11324,Wuchak,1
11423,Michael,1
11423,CinemaSerf,1
11645,FilipeManuelNeto,1
11712,CinemaSerf,1
11778,AndresGomez,1
11778,talisencrw,1
11778,JPV852,1
11778,CinemaSerf,1
11830,CinemaSerf,1
11878,AndresGomez,1
11878,CRCulver,1
11878,CinemaSerf,1
12104,FilipeManuelNeto,0
12445,JohnChard,1
12445,JohnChard,1
12445,CinemaSerf,1
12477,AndresGomez,1
12477,sykobanana,1
12493,CinemaSerf,1
12761,badelf,1
12761,CinemaSerf,1
13223,r96sk,1
13223,MatthewSmith,1
13223,CinemaSerf,1
13398,CinemaSerf,1
14160,r96sk,1
14160,Peter89Spencer,1
14160,CinemaSerf,1
14160,tmdb51616167,1
14160,griggs79,1
14537,badelf,1
14537,FilipeManuelNeto,1
14574,r96sk,1
14836,talisencrw,1
14836,ZeBlah,1
14836,Kamurai,1
15244,tmdb47633491,1
15244,CinemaSerf,1
16859,wizzardss,1
16869,Wuchak,1
16869,JPV852,1
16869,AstroNoud,1
16869,rsanek,1
17295,CinemaSerf,1
18148,tmdb47633491,1
18148,CinemaSerf,1
18438,badelf,1
19404,MohamedElsharkawy,1
19426,CinemaSerf,1
19542,CinemaSerf,1
20271,talisencrw,1
20334,JohnChard,1
20334,CinemaSerf,1
20453,alirazahub,1
20532,CinemaSerf,1
20722,Norsk,0
21634,tmdb15214618,0
23160,CRCulver,1
24167,CinemaSerf,1
24238,Asamovies,1
25237,CinemaSerf,1
25364,JohnChard,1
25376,Bazzjazz,1
25376,afrebrd,1
25376,CinemaSerf,1
27205,ohlalipop,0
27205,tmdb44006625,1
27205,Varya,1
27205,MatthewBrady,1
27205,AdamRife,0
27205,AndreGonzales,1
27205,Roomiqbal,1
27205,RohitKabdwal,1
28178,NancyW9,1
28178,FilipeManuelNeto,1
28971,barrymost,1
28978,talisencrw,1
29259,JohnChard,1
29259,Steve,1
31011,AndresGomez,0
31011,HikariWS,1
31011,CinemaSerf,1
31442,CRCulver,1
37165,EvanZuqenshi,1
37165,tmdb32492600,1
37165,Dsnake1,1
37165,aardwark69,1
37165,r96sk,1
37165,JPV852,1
37165,James,1
37165,CinemaSerf,1
37257,AndresGomez,1
37257,ShreyanceParakh,1
37257,JohnChard,1
37257,CinemaSerf,1
38360,talisencrw,1
38360,badelf,1
40096,badelf,1
41050,CinemaSerf,1
42229,talisencrw,1
42229,CinemaSerf,1
46738,AndresGomez,1
47931,AndresGomez,1
49797,LastCaress1972,1
50014,AndresGomez,1
50014,DoryDarko,1
50014,Kamurai,1
59440,AndresGomez,1
59440,stackkorora,1
59440,Peter89Spencer,1
60243,AndresGomez,1
68718,LastCaress1972,0
68718,iamyenz,1
68718,ShreyanceParakh,1
68718,PerGunnarJonsson,1
68718,Wuchak,1
68718,PeterMcGinn,1
68718,SigekiOgino,1
76203,kineticandroid,1
76203,AndresGomez,1
76203,postorgasmicmood,1
76203,ShreyanceParakh,1
77338,AndresGomez,1
83564,CinemaSerf,1
103663,AndresGomez,1
103663,tmdb15435519,1
103663,r96sk,0
103663,ARGMAN,1
106646,Jacob,1
106646,AndresGomez,1
106646,tmdb39513728,1
106646,r96sk,1
106646,sporkproductions,1
106646,Nathan,1
110416,Reno,1
110416,Kamurai,1
110416,CinemaSerf,1
110420,ba1020,1
110420,AndresGomez,1
118340,Binawoo,1
118340,AndresGomez,1
118340,Eazyryda,1
118340,GrantEnglish,1
118340,TravisBell,1
118340,djgri,1
118340,PerGunnarJonsson,1
118340,Gimly,1
118340,tmdb44006625,1
118340,r96sk,1
118340,CinemaSerf,1
118340,TheMovieMob,1
118340,AndreGonzales,1
118340,tmdb51616167,1
120467,AndresGomez,1
120467,CRCulver,1
122906,AndresGomez,1
122906,TheMovieMob,1
122906,AndreGonzales,0
122906,badelf,1
140420,tmdb65449702,1
142061,Gimly,1
146233,AndresGomez,1
146233,Gimly,1
146233,StbMDB,1
146233,premierexxi,1
146233,JohnChard,1
146233,TheMovieMob,1
146233,tmdb28039023,1
146233,kisaligol,0
150540,Fatota,1
150540,AndresGomez,1
150540,Sxerks3,1
150540,PeterMcGinn,1
150540,r96sk,1
150540,Kamurai,1
150540,mehedi1719,1
150540,CinemaSerf,1
150540,AndreGonzales,1
150540,tmdb47940942,0
152532,furiousiz,1
152601,treestannn,0
152601,kineticandroid,0
152601,tmdb39513728,0
152601,AndresGomez,1
152601,HikariWS,0
152601,janeyee,1
152742,Reno,1
152742,CinemaSerf,1
157336,Reno,1
157336,decovision,1
157336,AndresGomez,1
157336,AsadullahKhan,1
157336,shaunfrombklyn,1
157336,PerGunnarJonsson,0
157336,akashmahajan,1
157336,sybddlatfu,1
157336,MatthewBrady,1
157336,PeterMcGinn,1
157336,kheirnandez,1
157336,lowkimhoe,1
157336,CinemaSerf,1
157336,tropicalicecedar,1
157336,r96sk,1
157336,madriyanto,1
158445,NegatioN,1
200727,Reno,1
205596,Aaaidan,0
205596,Nathan,1
205596,CinemaSerf,1
210577,AndresGomez,1
210577,VanVliet,1
210577,MatthewBrady,1
210577,ManuelSoBento,1
210577,FilipeManuelNeto,1
237791,Reno,1
242828,EwaWiman,1
242828,Reno,1
244786,MJM,0
244786,AndresGomez,1
244786,DanDare,0
244786,mattwilde123,1
244786,MatthewBrady,1
244786,TheMovieMob,1
244786,Ahmetaslan27,1
244786,hamfaceman,1
244786,tmdb70471036,1
255709,izgzhen,1
263115,anythingbutfifi,1
263115,MovieQueen41,0
263115,tmdb16528852,1
263115,Gimly,1
263115,buzybug,0
263115,Reno,1
263115,PerGunnarJonsson,0
263115,JohnChard,1
263115,CinemaSerf,1
263115,TheMovieMob,1
263115,BroSpanky,1
263115,tmdb51616167,1
264644,Reno,1
264644,Horseface,1
264644,CinemaSerf,1
265195,CinemaSerf,1
266856,AndresGomez,1
266856,mattwilde123,1
266856,CinemaSerf,1
290098,Reno,1
290098,CinemaSerf,1
296096,Reno,1
299534,garethmb,1
299534,Gimly,1
299534,ManuelSoBento,1
299534,heroman,1
299534,courtlynn,1
299534,PerGunnarJonsson,1
299534,swapnake,1
299534,Wuchak,1
299534,JustinLopez,0
299534,LoganWright,0
299534,BradleyStewart,1
299534,JaneHall,1
299534,JessieCollins,0
299534,JohnSmith,0
299534,gwengww,0
299534,JustinLopez,0
299534,1RobertJohnson1,1
299534,MichaelWilliams,0
299534,WilliamJones,1
299534,DavidBrown1,0
299536,SimonFoster,1
299536,furiousiz,1
299536,Gimly,1
299536,tmdb15214618,0
299536,ChWalid,1
299536,hsrohit,1
299536,MovieQueen41,1
299536,jmquint00,1
299536,Wuchak,1
299536,Santosh,1
299536,uridon,0
299536,tmdb44006625,1
299536,sandrakuc,1
299536,StevenGarcia,1
299536,AndrewMartinez,1
299536,KennethRobinson,1
299536,GeorgeClark,1
299536,KevinRodriguez1,0
299536,BrianLewis,0
299536,EdwardLee,1
310569,Reno,1
313369,Gimly,0
313369,üå?Rose,1
313369,PerGunnarJonsson,1
313369,Reno,1
313369,r96sk,1
313369,beyondthecineramadome,1
313369,FilipeManuelNeto,1
313369,Rob,1
313369,sp1cybo1,1
314365,Reno,1
314365,AndresGomez,1
314365,mattwilde123,1
314365,Nutshell,1
314365,tmdb40011370,1
315162,Nathan,1
315162,ravundwa,1
315162,CinemaSerf,1
315162,GenerationofSwine,1
315162,AndreGonzales,1
315162,r96sk,1
315465,Reno,1
316029,MovieQueen41,1
316029,baycon792,1
316029,Gimly,0
316029,ahmedrezik,1
316029,CinemaSerf,1
323272,Wuchak,1
324786,starks94,1
324786,dragonboi,1
324786,Reno,1
324786,JohnChard,1
324786,Wuchak,1
324786,FilipeManuelNeto,1
324786,GenerationofSwine,1
324857,trineo03,0
324857,Gimly,1
324857,DohnJoe,1
324857,TomTag,1
324857,JustinLopez,1
324857,LoganWright,1
324857,BradleyStewart,0
324857,JaneHall,0
324857,JessieCollins,0
324857,JohnSmith,1
324857,1RobertJohnson1,1
324857,MichaelWilliams,0
324857,WilliamJones,1
324857,DavidBrown1,1
324857,richardmiller,1
324857,ThomasMoore,1
324857,JeffreyYoung,0
324857,JacobKing1,1
324857,NicholasLopez,1
324857,StephenScott,1
331482,SWITCH,1
331482,Luis989,1
331482,Gimly,0
331482,ManuelSoBento,1
331482,beyondthecineramadome,1
331482,GenerationofSwine,0
331482,r96sk,1
334533,Gimly,1
334533,Reno,1
334543,djgri,0
334543,Reno,1
334543,FilipeManuelNeto,1
337404,ManuelSoBento,1
337404,MahnoorKhan,1
337404,Rene,0
337404,KathyBowing,1
337404,PeterMcGinn,0
337404,Giovanni,1
337404,beyondthecineramadome,0
337404,AndreGonzales,1
348892,gauravmanral,1
354857,Gimly,0
354912,Gimly,0
354912,furiousiz,1
354912,priya,1
354912,r96sk,1
354912,CinemaSerf,1
359724,SWITCH,1
359724,StephenCampbell,1
359724,ManuelSoBento,1
359724,Gimly,1
359724,JPV852,1
359724,SierraKiloBravo,1
359724,tmdb92312096,1
359724,TheMovieMob,1
359724,rsanek,1
359940,Gimly,1
359940,r96sk,1
359940,GenerationofSwine,1
360814,Svumpukkel85,1
360814,r96sk,1
361743,r96sk,1
361743,ManuelSoBento,1
361743,tmdb20895531,0
361743,CinemaSerf,1
361743,ChrisSawin,1
361743,mackenly,0
361743,JustEntertainment,1
361743,T,1
361743,MovieGuys,1
361743,TheMovieMob,1
361743,KVNNBH,1
361743,KayCee,1
361743,RobertGrawey,1
361743,rhenfla0312,1
361743,JPV852,1
361743,Nathan,1
361743,GenerationofSwine,1
361743,SputnikGalaxyWatcher,0
361743,madriyanto,1
361743,cineast78,1
369557,Reno,1
369557,Gimly,1
372058,Gimly,0
372058,BecauseImBatman,1
372058,Reno,1
372058,r96sk,1
372058,lowkimhoe,1
372058,Nathan,1
372058,tropicalicecedar,1
378064,Reno,1
378064,tropicalicecedar,1
378064,Suhaib,1
381284,Reno,1
381284,Gimly,0
381284,CinemaSerf,1
381341,Reno,1
393559,Reno,1
398818,jessetaylor,1
398818,tmdb15214618,1
398818,CinemaSerf,1
399106,CinemaSerf,1
399174,Gimly,0
400608,AustinSingleton,1
400928,kastigar,0
400928,Gimly,0
400928,Reno,1
400928,SierraKiloBravo,1
400928,CinemaSerf,1
404378,Reno,1
404378,r96sk,1
411088,Svumpukkel85,1
411088,PeterMcGinn,1
411088,MiraiKazuya,1
411088,AstroNoud,1
419478,behindthecurtains,0
424694,Gimly,0
424694,Gimly,0
424694,RichardKirk,1
424694,Martha,1
424694,GenerationofSwine,0
424694,FilipeManuelNeto,1
424694,CinemaSerf,1
426618,ÄSoftPastelsÄ,0
430424,AstroNoud,1
435129,r96sk,1
435129,CinemaSerf,1
437068,Arnab854,1
438695,garethmb,1
441130,ManuelSoBento,1
441130,SWITCH,1
447362,katch22,1
447365,TheMovieMob,1
447365,RiteshMohapatra,1
447365,CinemaSerf,1
447365,ManuelSoBento,1
447365,PerGunnarJonsson,1
447365,r96sk,1
447365,tmdb51616167,1
449176,tmdb15214618,0
449176,Gimly,1
458220,ManuelSoBento,1
458220,LouisaMooreScreenZealots,1
475557,ManuelSoBento,1
475557,solstafir7,0
475557,ikomrad,1
475557,SheldonNylander,1
475557,Leno,1
475557,Wuchak,1
475557,JPV852,1
475557,MatthewBrady,1
475557,lamachat,1
475557,PerGunnarJonsson,0
475557,AdamRife,1
475557,r96sk,1
475557,AstroNoud,1
475557,iltnoob,1
475557,Martha,1
475557,GenerationofSwine,1
475557,AndreGonzales,1
475557,Alunauwie,1
475557,mehdiebrahimzadehofficial,1
488623,sniharika93,1
490132,Gimly,1
490132,ManuelSoBento,1
490132,ThePeruvianPost,1
490132,Wuchak,1
490132,UrsusNotHorribilus,0
490132,AstroNoud,1
490132,GenerationofSwine,0
491480,CinemaSerf,1
496243,SWITCH,1
496243,SheldonNylander,1
496243,Saru,0
496243,tmdb39513728,1
496243,MatthewBrady,1
496243,ManuelSoBento,1
496243,JPV852,1
496243,StephenCampbell,1
496243,rojitasaha,1
496243,Gimly,1
496243,tmdb92312096,1
496243,RustyBoi,1
496243,r96sk,1
496243,RepoJack,1
496243,fourfridays,1
501929,ManuelSoBento,1
501929,Kamurai,1
503314,ManuelSoBento,1
505192,CinemaSerf,1
508442,ManuelSoBento,1
508442,rlaphoenix,1
508442,SWITCH,1
508442,RicardoOliveira,1
508442,Kamurai,1
508442,r96sk,1
508442,Foxred,1
508442,CinemaSerf,1
508943,garethmb,0
508943,ManuelSoBento,1
508943,Kamurai,1
508943,badelf,0
508943,CinemaSerf,1
508965,r96sk,1
508965,TheMovieMob,1
515001,SWITCH,1
515001,Gimly,1
515001,dutchdutch,1
515001,StephenCampbell,1
515001,MatthewBrady,1
515001,ManuelSoBento,1
515001,JPV852,1
515001,Guruch,1
515001,MatthewWilsonABC,1
515001,tmdb92312096,1
515001,CinemaSerf,1
515001,FilipeManuelNeto,1
517814,StephenCampbell,1
522212,tmdb92312096,1
522402,ManuelSoBento,1
522402,Giovanni,1
522402,CinemaSerf,1
522402,Ahmetaslan27,1
522518,SWITCH,1
522924,barrymost,1
523781,SWITCH,1
527774,garethmb,0
527774,ManuelSoBento,1
527774,SWITCH,1
527774,LouisaMooreScreenZealots,1
527774,davidfortoday,1
527774,Kamurai,1
527774,PerGunnarJonsson,1
527774,Giovanni,1
530915,SWITCH,1
530915,LennyMosko,0
530915,Luis989,1
530915,StephenCampbell,1
530915,ManuelSoBento,1
530915,ThePeruvianPost,1
530915,JPV852,1
530915,LouisaMooreScreenZealots,1
530915,PeterMcGinn,1
530915,Liam1125,1
530915,TrazborOGukguk,1
530915,tmdb92312096,1
530915,stackkorora,0
530915,Wuchak,1
530915,Nathan,1
530915,FilipeManuelNeto,1
530915,rsanek,1
531428,SWITCH,1
531428,Heloisa,1
531428,LouisaMooreScreenZealots,1
531428,tmdb92312096,1
531428,beyondthecineramadome,1
533514,badelf,1
537061,Gimly,1
546554,SWITCH,1
546554,ManuelSoBento,1
546554,Gimly,1
546554,MatthewBrady,1
546554,ahmedaiman99,1
546554,JPV852,1
546554,MitchellBulfin,1
546554,hOLYE,1
546554,tmdb92312096,0
546554,FrontrunnerParis,1
546554,Suza,1
546554,r96sk,1
546554,AstroNoud,1
546554,GenerationofSwine,0
546554,Ahmetaslan27,1
550205,sank99,1
550776,ConleyCreations,1
552532,tmdb28039023,1
555604,CinemaSerf,1
555604,ManuelSoBento,1
555604,ChrisSawin,1
555604,PerGunnarJonsson,1
555604,r96sk,1
555604,badelf,1
555604,Crazypiglady,1
556574,sykobanana,0
556574,PeterMcGinn,1
556574,CaptNemo,0
556574,tmdb28039023,0
556574,badelf,1
556574,GenerationofSwine,0
556574,ARGMAN,0
568160,sykobanana,1
568160,Nathan,1
569094,garethmb,1
569094,CinemaSerf,1
569094,ManuelSoBento,1
569094,ChrisSawin,1
569094,GenerationofSwine,1
569094,akarshv,1
569094,LouisaMooreScreenZealots,1
569094,ElbekAzimjonov7,1
569094,James,1
581528,TheArtyDans,1
581528,AstroNoud,1
600354,ManuelSoBento,1
600354,LouisaMooreScreenZealots,1
600354,SWITCH,1
600354,r96sk,1
600354,AstroNoud,1
600354,tmdb28039023,1
600354,badelf,1
600354,Nathan,1
606856,r96sk,1
610150,ManuelSoBento,1
610150,ManuelSoBento,1
615457,SWITCH,1
615457,TejasNair,1
615457,Rene,1
615457,PeterMcGinn,1
615457,sporkproductions,0
615457,fourfridays,1
615457,Giovanni,1
615457,ManuelSoBento,1
615457,PerGunnarJonsson,1
615457,Grimmbro66,1
615457,r96sk,1
615457,Nathan,1
615457,AndreGonzales,1
618344,JPV852,1
626332,LouisaMooreScreenZealots,1
634649,garethmb,1
634649,ManuelSoBento,1
634649,RADIO1SMRMOVIEMADAMIüå,1
634649,ChrisSawin,1
634649,TDHeath,1
634649,sauceopet,1
634649,r96sk,1
634649,Adriano,1
634649,JPV852,1
634649,PerGunnarJonsson,0
634649,Nathan,1
634649,YourAustin,1
634649,TheMovieMob,1
634649,tmdb28039023,0
634649,EenNederlandseJongen,1
635302,Rene,1
635302,DallasBob,1
635302,ChrisSawin,1
664767,SWITCH,0
664767,tmdb28039023,0
678512,EmmanuelGoldstein,0
678512,Wuchak,1
678512,CinemaSerf,1
678512,ChandlerDanier,0
678512,ARGMAN,1
693134,ManuelSoBento,1
693134,r96sk,1
693134,CinemaSerf,1
693134,biancarockr,1
693134,ChandlerDanier,1
693134,justhappytobehere,1
693134,Roberta1970,1
693134,dumasori,1
693134,MovieGuys,1
693134,mumu,1
693134,BrentMarchant,0
693134,TheSceneSnobs,1
693134,HappyPagan,1
693134,tmdb51616167,1
698508,tmdb28039023,0
698687,CinemaSerf,1
698948,ManuelSoBento,1
698948,CinemaSerf,1
704264,Peter89Spencer,0
714888,badelf,1
714888,CinemaSerf,1
715931,ManuelSoBento,0
760774,ManuelSoBento,1
760774,CinemaSerf,1
760774,r96sk,1
760774,BrentMarchant,1
760774,tmdb51616167,1
776503,ManuelSoBento,1
776503,LouisaMooreScreenZealots,1
776503,Giovanni,1
776503,CinemaSerf,1
776503,badelf,1
783675,CinemaSerf,1
785084,ManuelSoBento,1
785084,Nathan,1
785084,CinemaSerf,1
785084,r96sk,1
785084,cracker13,1
785084,Ahmetaslan27,1
785084,LouisaMooreScreenZealots,1
785084,PeterMcGinn,1
791373,ManuelSoBento,1
791373,JPV852,1
791373,sykobanana,1
791373,Peter89Spencer,1
791373,YassinRaouf,1
791373,iselates,0
791373,StoneCrow1977,1
791373,rodricama07,1
791373,Rene,1
791373,Nathan,1
791373,Martha,1
791373,TheMovieMob,1
791373,tmdb28039023,0
791373,GenerationofSwine,1
791373,Rob,0
810693,CinemaSerf,1
820067,tmdb96151970,1
823754,rsanek,1
823754,daYnyXX,1
823754,Horseface,0
838240,CinemaSerf,1
838240,BrentMarchant,1
851644,badelf,1
872585,ManuelSoBento,1
872585,fireheart92,1
872585,BrentMarchant,1
872585,CinemaSerf,1
872585,tropicalicecedar,1
872585,rsanek,1
872585,LouisaMooreScreenZealots,1
872585,ThulanPerera,1
872585,SarthakBharad,1
872585,aGoryLouie,1
872585,PeterMcGinn,1
872585,TheRealMina,0
872585,misubisu,0
872585,PerGunnarJonsson,0
872585,badelf,1
872585,Amiiae011,1
872585,Christopher,0
872585,aarsheeb,1
872585,r96sk,1
872585,Bishoy017,0
901563,CinemaSerf,1
901563,PlutoZoo,1
906126,ManuelSoBento,1
906126,RiteshMohapatra,1
906126,ChandlerDanier,1
906126,BornKnight,1
906126,CinemaSerf,1
906126,nickmista,0
916224,CinemaSerf,1
916224,ChrisSawin,1
930094,CinemaSerf,1
930094,BrentMarchant,0
930094,r96sk,1
937746,BrentMarchant,1
937746,CinemaSerf,1
944401,ManuelSoBento,1
961323,Rob,1
961323,badelf,1
961323,CinemaSerf,1
974950,CinemaSerf,1
980489,scherbakovx,1
980489,ManuelSoBento,1
980489,CinemaSerf,1
980489,v0lk4n,0
995133,CinemaSerf,1
1010581,CinemaSerf,0
1026227,CinemaSerf,1
1050035,LachlanThiele,1
1050035,LachlanThiele,1
1050035,BrentMarchant,1
1050035,CinemaSerf,1
1050035,badelf,1
1058694,CinemaSerf,1
1058694,Giovanni,1
1084736,CinemaSerf,1
1084736,Wielo,1
1184918,BrentMarchant,1
1184918,goodfilm,1
1184918,CinemaSerf,1
1184918,ManuelSoBento,1
1184918,BiankaMalburg,1
